frame,unscaled_interval_ms
0,23.767177
1,58.934565
2,32.387299
3,38.814971
4,35.045261
5,28.146484
6,31.537839
7,37.872196
8,47.750639
9,31.487887
10,37.720706
11,35.368805
12,27.685887
13,29.775339
14,34.239463
15,31.472244
16,34.649304
17,30.914576
18,31.294568
19,36.100839
20,37.938318
21,30.949083
22,40.491480
23,33.772382
24,23.693134
25,31.171379
26,31.863330
27,30.450903
28,32.158237
29,30.048025
30,34.042163
31,32.932362
32,30.711331
33,30.310145
34,30.583789
35,29.252640
36,30.749722
37,37.127982
38,31.203140
39,38.479655
40,28.304226
41,32.956503
42,29.746177
43,31.014760
44,33.410766
45,32.533950
46,35.722571
47,31.873049
48,29.297745
49,24.756356
50,32.482358
51,27.802560
52,28.962817
53,35.388976
54,33.770935
55,29.994878
56,30.644107
57,30.232259
58,28.437892
59,26.773051
60,27.382859
61,33.097081
62,33.556965
63,34.298641
64,25.869943
65,26.549740
66,29.257739
67,26.828528
68,25.844049
69,31.982223
70,31.008156
71,32.201563
72,26.907756
73,30.442168
74,26.743230
75,26.857662
76,27.083015
77,27.371488
78,29.231123
79,38.136618
80,31.866654
81,27.323668
82,25.983753
83,30.824121
84,23.184170
85,26.510576
86,31.309299
87,30.761070
88,30.328616
89,32.659681
90,26.023004
91,24.425703
92,31.890026
93,28.232628
94,26.301492
95,28.325806
96,35.876697
97,31.733323
98,29.589601
99,27.571613
100,28.753943
101,27.872510
102,28.262178
103,27.891637
104,36.957077
105,33.143528
106,32.271714
107,27.758904
108,29.172913
109,28.190155
110,32.459882
111,27.457226
112,31.747867
113,39.879478
114,34.996029
115,29.299553
116,29.122008
117,28.566849
118,30.565788
119,28.866736
120,31.729459
121,36.623763
122,32.907926
123,32.086413
124,26.801195
125,26.552052
126,27.448782
127,28.266870
128,29.913342
129,33.781822
130,33.638575
131,34.709254
132,24.400846
133,28.626747
134,30.308105
135,23.143979
136,31.354424
137,30.919140
138,34.459800
139,28.338405
140,27.210453
141,27.353798
142,27.744630
143,27.390728
144,27.871314
145,29.595423
146,34.199887
147,31.824336
148,27.651639
149,26.845043
150,19.463520
151,20.975838
152,21.079391
153,20.101385
154,20.894785
155,20.992108
156,21.435593
157,21.747436
158,21.488317
159,19.650962
160,19.255025
161,19.205818
162,19.364299
163,19.395668
164,19.258595
165,19.246321
166,19.140505
167,20.055562
168,21.568334
169,22.107286
170,21.301057
171,21.747958
172,19.043578
173,19.886062
174,19.231724
175,19.266218
176,19.272239
177,19.374031
178,19.167475
179,19.107652
180,20.961655
181,21.546307
182,21.158403
183,22.452907
184,19.799840
185,18.687216
186,19.215653
187,19.235495
188,19.170788
189,19.436902
190,19.274032
191,20.126654
192,20.070940
193,21.515710
194,21.664952
195,21.554206
196,22.488121
197,19.200416
198,22.349516
199,23.360920
200,19.618083
201,19.847686
202,18.783600
203,19.327035
204,19.513053
205,21.553488
206,21.331635
207,21.379529
208,21.875703
209,19.300605
210,19.229755
211,19.225495
212,19.573116
213,19.287695
214,19.067450
215,19.063510
216,18.835291
217,21.253974
218,21.294542
219,21.936711
220,21.802132
221,23.776786
222,19.026574
223,19.243382
224,20.027823
225,19.933534
226,18.988491
227,19.156315
228,18.997757
229,20.173749
230,21.148298
231,21.712095
232,21.465870
233,21.199245
234,19.149659
235,19.376890
236,19.132080
237,19.454242
238,19.407915
239,19.081394
240,18.803282
241,18.892517
242,23.637703
243,20.501873
244,21.470409
245,21.372884
246,20.851308
247,19.138752
248,45.914484
249,29.304449
250,25.256482
251,33.932638
252,31.485889
253,37.427947
254,33.435715
255,28.851751
256,28.524788
257,27.632821
258,27.604798
259,28.105254
260,32.864891
261,30.235832
262,32.661957
263,35.338856
264,28.754728
265,28.704009
266,26.612408
267,29.553488
268,35.550602
269,32.289106
270,32.534496
271,28.039032
272,28.519964
273,30.285578
274,34.291906
275,29.954764
276,37.888125
277,32.745824
278,34.153811
279,30.502271
280,31.108223
281,23.483779
282,30.585099
283,30.682076
284,32.340000
285,31.677350
286,34.059417
287,29.584669
288,28.693181
289,32.164503
290,29.421536
291,28.351907
292,31.784681
293,37.743556
294,34.442121
295,29.566817
296,28.373179
297,28.016654
298,29.998777
299,30.897675
300,23.000749
301,23.337423
302,22.755270
303,22.340757
304,18.672699
305,19.639263
306,19.623440
307,19.398542
308,19.343207
309,20.451794
310,19.707100
311,19.717958
312,21.317283
313,22.196462
314,22.069294
315,22.709320
316,20.859897
317,19.728507
318,19.355954
319,19.682859
320,19.401122
321,19.664372
322,19.577027
323,19.543956
324,21.522384
325,22.440658
326,22.842994
327,22.704643
328,19.803377
329,20.936345
330,19.363546
331,19.930151
332,19.662330
333,20.096955
334,21.191830
335,20.005091
336,21.380729
337,22.279101
338,21.839312
339,22.897498
340,21.665622
341,20.207169
342,19.972614
343,20.318569
344,19.995717
345,19.926336
346,19.175275
347,27.543560
348,21.803170
349,22.349702
350,22.263343
351,22.106914
352,19.305567
353,20.237585
354,20.034968
355,19.067230
356,19.115129
357,20.850167
358,20.990051
359,20.984022
360,23.220000
361,23.976442
362,21.499404
363,21.729957
364,20.152520
365,19.661427
366,19.098416
367,19.215672
368,19.071585
369,19.550878
370,19.961966
371,24.039863
372,24.158324
373,25.298219
374,23.902611
375,23.231531
376,19.903698
377,19.565306
378,20.137525
379,19.690155
380,19.809027
381,19.408302
382,19.584724
383,20.019826
384,22.938945
385,21.129436
386,21.621652
387,22.461984
388,19.149139
389,19.742634
390,19.551131
391,20.236664
392,20.127918
393,19.430216
394,20.208073
395,45.133474
396,45.474010
397,38.012507
398,28.786480
399,30.442256
400,34.084695
401,29.818143
402,30.487107
403,35.874064
404,35.553461
405,32.693060
406,30.549599
407,36.357618
408,28.835547
409,29.022037
410,36.230911
411,33.584668
412,29.156121
413,28.109185
414,32.529260
415,25.352814
416,31.236134
417,30.071069
418,31.775902
419,45.335424
420,38.575391
421,29.452211
422,31.446544
423,30.444151
424,25.128965
425,32.372892
426,30.072880
427,36.998798
428,32.924387
429,26.609161
430,31.248816
431,30.729896
432,28.825558
433,28.068459
434,30.872871
435,36.479696
436,32.412408
437,30.702945
438,29.954688
439,27.417282
440,26.973792
441,30.287540
442,33.268652
443,30.295504
444,35.769970
445,26.756313
446,25.605884
447,28.535481
448,26.734906
449,27.186340
450,27.027798
451,31.627462
452,33.162128
453,31.105077
454,29.076040
455,27.774028
456,26.805177
457,31.746030
458,24.595835
459,25.721899
460,34.900966
461,31.161781
462,29.031359
463,27.323678
464,28.038697
465,26.771569
466,27.651955
467,30.202001
468,28.643027
469,32.111645
470,34.768732
471,28.960498
472,26.929848
473,28.171698
474,28.675009
475,27.208467
476,28.630032
477,36.153208
478,34.535881
479,30.846289
480,27.394912
481,28.078485
482,19.778366
483,19.805906
484,19.620986
485,19.121906
486,20.634723
487,24.307267
488,21.441466
489,22.077106
490,20.854945
491,19.592574
492,19.417547
493,18.936003
494,19.119746
495,19.114422
496,19.212304
497,19.345931
498,19.724164
499,21.271454
500,21.323265
501,21.811694
502,22.331291
503,21.379086
504,18.844493
505,19.725019
506,19.018313
507,19.299242
508,19.421073
509,19.858076
510,19.346826
511,22.130660
512,21.185880
513,21.255392
514,21.759894
515,21.600334
516,19.313237
517,19.579406
518,19.959904
519,19.336919
520,19.434123
521,19.202228
522,19.347332
523,21.251953
524,21.880990
525,22.006533
526,22.136073
527,19.768568
528,19.584787
529,19.483786
530,25.329233
531,19.156459
532,19.159333
533,19.349116
534,19.229145
535,20.676607
536,22.132277
537,22.240111
538,21.755292
539,23.078442
540,19.418273
541,19.148226
542,19.266413
543,19.541169
544,19.271612
545,19.809356
546,19.168491
547,19.936504
548,21.368688
549,21.862300
550,21.580446
551,22.129600
552,19.930635
553,19.600570
554,19.317531
555,19.266792
556,19.316891
557,20.035153
558,18.936674
559,19.081295
560,21.689455
561,21.864460
562,22.012486
563,20.311524
564,19.065171
565,19.260725
566,19.458226
567,19.394475
568,19.579008
569,19.354339
570,26.717337
571,23.436372
572,25.899428
573,21.985829
574,21.936611
575,20.720472
576,19.555548
577,19.141960
578,19.361408
579,28.280165
580,19.408297
581,19.557491
582,19.792802
583,20.013119
584,21.545965
585,21.845533
586,22.582219
587,18.999381
588,19.314256
589,19.573722
590,19.645910
591,19.704867
592,19.527049
593,19.580858
594,19.390288
595,19.625968
596,21.509503
597,22.060852
598,21.386693
599,21.538146
600,19.635825
601,19.525087
602,19.651297
603,19.311463
604,19.151791
605,19.490998
606,19.290820
607,19.937124
608,20.602591
609,21.779378
610,21.763499
611,21.851374
612,21.619395
613,19.679804
614,20.199381
615,19.354615
616,19.196933
617,19.417904
618,19.294455
619,19.669433
620,19.427217
621,22.236811
622,21.395309
623,21.683560
624,21.710336
625,20.116769
626,19.442099
627,19.571887
628,41.258241
629,34.793246
630,29.184674
631,32.249841
632,37.160971
633,35.030468
634,28.718216
635,32.778855
636,32.067030
637,30.715414
638,30.995769
639,36.521585
640,36.830906
641,27.520382
642,28.929415
643,36.057065
644,28.534279
645,29.633556
646,34.382926
647,36.181544
648,34.859349
649,28.355568
650,34.764866
651,29.208342
652,28.170843
653,30.205383
654,35.632963
655,36.160548
656,36.148581
657,34.091143
658,29.395066
659,24.984701
660,33.446370
661,40.079292
662,36.627560
663,56.136747
664,30.788399
665,32.443099
666,30.434157
667,28.539915
668,28.078590
669,34.691435
670,35.088922
671,27.574033
672,28.708228
673,31.406254
674,33.608420
675,28.841398
676,28.507114
677,35.476522
678,31.237888
679,30.268138
680,27.477171
681,31.455113
682,27.810354
683,27.615321
684,27.923294
685,33.204648
686,31.760092
687,30.292362
688,22.766561
689,19.959295
690,20.699362
691,20.518462
692,19.215276
693,19.778109
694,19.939792
695,20.470711
696,22.031784
697,22.221032
698,22.535528
699,22.292617
700,19.965547
701,20.165005
702,20.207185
703,20.275656
704,19.631991
705,20.538855
706,22.443873
707,24.987826
708,25.184240
709,26.446538
710,26.673513
711,24.211990
712,22.720842
713,23.034963
714,23.579957
715,23.795149
716,23.620868
717,22.432045
718,26.482817
719,26.110457
720,27.152109
721,25.070439
722,22.195938
723,22.057892
724,21.964838
725,22.157465
726,22.745050
727,23.549855
728,21.515105
729,23.280708
730,24.199972
731,26.366362
732,24.212748
733,20.027256
734,19.972612
735,20.350038
736,20.080511
737,20.355171
738,19.969473
739,20.485915
740,22.997260
741,22.365675
742,22.970159
743,22.608177
744,20.245307
745,20.359489
746,20.122027
747,20.439987
748,20.008840
749,20.143585
750,21.140937
751,20.825309
752,23.055374
753,23.504904
754,22.086754
755,22.316219
756,20.756021
757,20.314484
758,20.271263
759,20.243772
760,20.164913
761,19.964091
762,20.774309
763,21.112832
764,22.246145
765,22.728881
766,22.131708
767,24.337711
768,19.717469
769,20.007857
770,20.298063
771,20.328601
772,20.038460
773,19.898125
774,20.044997
775,21.795657
776,22.188703
777,22.437201
778,27.081641
779,43.418220
780,32.001288
781,34.152110
782,34.944788
783,39.924385
784,36.844880
785,39.085738
786,34.884832
787,30.737049
788,34.217651
789,31.767557
790,36.964358
791,33.390946
792,39.450624
793,31.907506
794,29.320272
795,30.633999
796,32.927156
797,31.732210
798,38.003409
799,38.090429
800,31.628114
801,33.184778
802,33.776297
803,28.797679
804,34.466340
805,30.424798
806,38.536603
807,38.015755
808,35.669046
809,34.133766
810,31.120389
811,31.497156
812,27.148722
813,31.241405
814,33.259613
815,42.643388
816,24.658183
817,33.064670
818,29.892263
819,33.407427
820,27.138098
821,34.623269
822,37.797361
823,34.357872
824,28.698836
825,33.736876
826,32.492039
827,29.892090
828,33.424316
829,35.993895
830,36.894482
831,29.254363
832,33.765636
833,30.261377
834,30.937674
835,39.079455
836,41.375740
837,45.559186
838,35.895040
839,28.280745
840,28.541881
841,30.155881
842,29.966219
843,32.395372
844,35.477816
845,37.129905
846,29.832198
847,30.568117
848,28.496361
849,28.172304
850,33.047985
851,34.772266
852,33.472056
853,31.786062
854,33.663422
855,32.245396
856,39.068343
857,38.723368
858,40.420321
859,41.802949
860,46.502730
861,34.427579
862,38.175112
863,37.464693
864,34.024299
865,40.627571
866,34.944543
867,34.378702
868,28.774020
869,28.878790
870,28.792052
871,34.527018
872,32.319163
873,33.857275
874,29.474381
875,34.269407
876,35.143649
877,34.112418
878,23.392728
879,32.450634
880,43.032672
881,39.767282
882,33.689345
883,27.077712
884,28.784982
885,31.593651
886,29.362144
887,34.989688
888,38.210236
889,32.164059
890,32.534484
891,29.001549
892,30.297395
893,33.406818
894,28.874978
895,32.243353
896,39.059272
897,35.256410
898,30.421969
899,31.162845
900,29.536598
901,28.316649
902,28.722396
903,38.263032
904,38.169539
905,34.888586
906,31.541054
907,30.095946
908,31.538125
909,27.523527
910,27.475851
911,34.515175
912,39.442975
913,33.544510
914,29.468636
915,28.953413
916,28.970879
917,21.000813
918,20.505316
919,21.392842
920,23.957567
921,21.177043
922,26.287882
923,24.539773
924,24.376497
925,21.407512
926,19.370685
927,20.460816
928,19.939933
929,20.250444
930,19.895228
931,23.306533
932,22.505214
933,22.473950
934,21.813259
935,20.276222
936,20.230969
937,20.300729
938,19.684679
939,20.121101
940,20.280412
941,20.361011
942,19.934329
943,24.220847
944,22.506848
945,23.128482
946,21.705898
947,20.639653
948,19.479900
949,20.478692
950,20.082778
951,20.354425
952,20.206302
953,19.755067
954,20.665898
955,23.882079
956,23.869371
957,22.887632
958,19.898479
959,20.233955
960,20.646164
961,20.045131
962,20.032563
963,29.182217
964,20.383596
965,20.280577
966,21.957426
967,22.703919
968,22.774050
969,22.594409
970,20.034846
971,20.043160
972,20.552284
973,19.943771
974,20.178311
975,20.100221
976,19.947891
977,20.265409
978,22.300488
979,23.102989
980,21.819563
981,22.747880
982,20.131505
983,19.970391
984,20.381725
985,20.798359
986,19.744465
987,20.281433
988,19.919227
989,20.256922
990,22.214527
991,22.711471
992,22.942766
993,22.798683
994,20.082307
995,20.660017
996,21.643004
997,20.320646
998,20.637993
999,21.204580
1000,20.400993
1001,21.052347
1002,22.702454
1003,24.279777
1004,24.457675
1005,23.648560
1006,21.488519
1007,23.453588
1008,22.669078
1009,32.174058
1010,40.479555
1011,39.488057
1012,37.834710
1013,35.313340
1014,29.929113
1015,32.135993
1016,33.204343
1017,30.774137
1018,30.766306
1019,36.462613
1020,37.208848
1021,32.157377
1022,32.615874
1023,30.222919
1024,29.248226
1025,32.719191
1026,31.586080
1027,36.114344
1028,30.380973
1029,28.498883
1030,32.860741
1031,29.816190
1032,27.443275
1033,31.026155
1034,29.961038
1035,33.359120
1036,35.985595
1037,30.957934
1038,30.768278
1039,32.723037
1040,26.630304
1041,35.462215
1042,35.119531
1043,33.215021
1044,33.845771
1045,30.677484
1046,29.938586
1047,32.155405
1048,31.255552
1049,30.359711
1050,38.321792
1051,37.864893
1052,33.337979
1053,26.272972
1054,31.113240
1055,27.162844
1056,30.843744
1057,33.098576
1058,29.458348
1059,26.334415
1060,24.505792
1061,22.480408
1062,22.124563
1063,21.813869
1064,20.728612
1065,20.731493
1066,21.023889
1067,20.656732
1068,21.911874
1069,23.461627
1070,25.072591
1071,22.117916
1072,21.510815
1073,20.179537
1074,20.860016
1075,20.511818
1076,20.346261
1077,20.653202
1078,20.831763
1079,20.438756
1080,22.268829
1081,22.672846
1082,22.522067
1083,22.778651
1084,20.578584
1085,20.565342
1086,20.526638
1087,19.927019
1088,19.918815
1089,22.763952
1090,20.701454
1091,20.231245
1092,23.127643
1093,22.380089
1094,22.486712
1095,22.583897
1096,20.177125
1097,20.621686
1098,20.456581
1099,20.896560
1100,19.912151
1101,20.316969
1102,20.487951
1103,21.139092
1104,22.852146
1105,31.482276
1106,22.319688
1107,23.849729
1108,22.127083
1109,19.938882
1110,20.085695
1111,20.363223
1112,20.633940
1113,20.072466
1114,20.232304
1115,23.058559
1116,22.768391
1117,21.422946
1118,20.673221
1119,20.763895
1120,20.206808
1121,20.250306
1122,20.451091
1123,20.595934
1124,20.024877
1125,20.229976
1126,20.095629
1127,24.213372
1128,22.864228
1129,23.805124
1130,22.009045
1131,20.279640
1132,23.505956
1133,19.869113
1134,19.895783
1135,20.206832
1136,20.254409
1137,20.577560
1138,20.553268
1139,22.829007
1140,22.706093
1141,23.129932
1142,20.110075
1143,19.942251
1144,20.481841
1145,20.237821
1146,19.902634
1147,20.345906
1148,19.876736
1149,20.059159
1150,20.542580
1151,22.831341
1152,50.876767
1153,31.618613
1154,30.380319
1155,32.453424
1156,29.099705
1157,34.010070
1158,28.945168
1159,35.484765
1160,36.114585
1161,30.264363
1162,34.433595
1163,31.097358
1164,35.068991
1165,30.774169
1166,37.820532
1167,39.373478
1168,30.660414
1169,32.363086
1170,29.761174
1171,28.813697
1172,34.423258
1173,28.250233
1174,33.097977
1175,38.714373
1176,35.270739
1177,30.524497
1178,29.136219
1179,32.320057
1180,31.958718
1181,36.968928
1182,36.106714
1183,29.775062
1184,30.011724
1185,31.700411
1186,30.050086
1187,31.280146
1188,32.411659
1189,34.955093
1190,35.340504
1191,37.320051
1192,32.139434
1193,28.507714
1194,31.674682
1195,29.728236
1196,31.669441
1197,36.364379
1198,36.202751
1199,31.043507
1200,33.545937
1201,29.409264
1202,32.846714
1203,28.429576
1204,30.034856
1205,35.481722
1206,35.373224
1207,33.540877
1208,29.001232
1209,32.496750
1210,27.707516
1211,30.874431
1212,33.984339
1213,40.076517
1214,35.222173
1215,36.764357
1216,30.980511
1217,32.629614
1218,30.172503
1219,32.393031
1220,34.041456
1221,39.581513
1222,39.073375
1223,34.009028
1224,27.884215
1225,27.484228
1226,29.018950
1227,36.824350
1228,33.855950
1229,36.192091
1230,28.960533
1231,28.145384
1232,38.985587
1233,27.685969
1234,22.227455
1235,24.177832
1236,23.073995
1237,24.049394
1238,23.022402
1239,21.955562
1240,20.772455
1241,20.751332
1242,20.090924
1243,20.310599
1244,20.170065
1245,20.620315
1246,20.977799
1247,23.452133
1248,23.517475
1249,23.374685
1250,22.143087
1251,20.164179
1252,20.411150
1253,20.891108
1254,20.927534
1255,21.872864
1256,20.867993
1257,20.550503
1258,24.826993
1259,23.939637
1260,23.146394
1261,23.673846
1262,20.671261
1263,21.509212
1264,20.071357
1265,20.771066
1266,21.407163
1267,21.426486
1268,20.790287
1269,20.980598
1270,22.899910
1271,23.077426
1272,22.581429
1273,22.894227
1274,20.302111
1275,20.744376
1276,20.898533
1277,20.927321
1278,20.976948
1279,30.684578
1280,21.280677
1281,22.843502
1282,22.526518
1283,22.410688
1284,22.539905
1285,20.540878
1286,20.153305
1287,20.617172
1288,20.111139
1289,20.314459
1290,20.439029
1291,20.575777
1292,21.417753
1293,22.862962
1294,22.514340
1295,25.588892
1296,21.216941
1297,20.399639
1298,21.125726
1299,20.816011
1300,20.566131
1301,20.489723
1302,20.395670
1303,20.978938
1304,22.522183
1305,22.881622
1306,22.782912
1307,22.552389
1308,21.479940
1309,20.327874
1310,20.914190
1311,19.875652
1312,20.272606
1313,21.106038
1314,19.900709
1315,21.193395
1316,22.841349
1317,22.488216
1318,22.993041
1319,22.405082
1320,20.806925
1321,20.379881
1322,20.236803
1323,21.076622
1324,20.078552
1325,24.203488
1326,22.724916
1327,22.946793
1328,22.594211
1329,22.992869
1330,22.515804
1331,22.815996
1332,20.974731
1333,20.505920
1334,20.422235
1335,21.080919
1336,20.336688
1337,20.548006
1338,21.251440
1339,22.702470
1340,23.031364
1341,23.466244
1342,22.488742
1343,21.494216
1344,20.754619
1345,20.509092
1346,20.733149
1347,21.596014
1348,20.212520
1349,20.401398
1350,21.414255
1351,22.933313
1352,22.766938
1353,21.181051
1354,20.418718
1355,20.562051
1356,20.732215
1357,21.143992
1358,20.651961
1359,20.558918
1360,21.286797
1361,20.360138
1362,23.918458
1363,30.980750
1364,24.981479
1365,22.672336
1366,20.449884
1367,20.494262
1368,20.805861
1369,20.318286
1370,20.710742
1371,28.573411
1372,48.502115
1373,37.669454
1374,35.020802
1375,35.020543
1376,34.250532
1377,34.535140
1378,33.263132
1379,29.415408
1380,38.594027
1381,34.449104
1382,35.278331
1383,39.961966
1384,30.739017
1385,34.358289
1386,29.969786
1387,39.724249
1388,40.452650
1389,37.551855
1390,36.516869
1391,33.643378
1392,37.580148
1393,30.790344
1394,44.427846
1395,42.798359
1396,35.405192
1397,35.946034
1398,36.423347
1399,34.373458
1400,35.883812
1401,36.246994
1402,35.090431
1403,32.487706
1404,28.617322
1405,29.127515
1406,33.321301
1407,31.729089
1408,39.127656
1409,38.748035
1410,32.732834
1411,32.153129
1412,31.186999
1413,30.232855
1414,34.481098
1415,32.145944
1416,38.658500
1417,35.866193
1418,29.902195
1419,31.207831
1420,32.870761
1421,33.324788
1422,35.300860
1423,38.646725
1424,33.449989
1425,34.042566
1426,31.054305
1427,35.378725
1428,34.697238
1429,35.680665
1430,39.945909
1431,39.809131
1432,35.210835
1433,28.723337
1434,30.318793
1435,30.074824
1436,32.827989
1437,30.740657
1438,37.880552
1439,33.942673
1440,32.051791
1441,29.367002
1442,31.023786
1443,34.405379
1444,32.710009
1445,39.171871
1446,38.010734
1447,36.625928
1448,29.289994
1449,31.208070
1450,33.103491
1451,22.105376
1452,21.517928
1453,23.788880
1454,23.665267
1455,23.346850
1456,22.178998
1457,20.963969
1458,20.436285
1459,20.808614
1460,20.442179
1461,21.463365
1462,20.555077
1463,20.853606
1464,22.130109
1465,23.051071
1466,23.338899
1467,23.401185
1468,22.354400
1469,21.074816
1470,20.655279
1471,21.056989
1472,20.799354
1473,23.064777
1474,25.261171
1475,24.760300
1476,24.943535
1477,25.928995
1478,23.809134
1479,21.022469
1480,20.846405
1481,20.472660
1482,20.615213
1483,20.488185
1484,20.521239
1485,20.992318
1486,20.459655
1487,23.335249
1488,22.689706
1489,23.475244
1490,22.290855
1491,20.471315
1492,20.547284
1493,20.413525
1494,20.554671
1495,20.227921
1496,28.712871
1497,21.513363
1498,22.822723
1499,24.980139
1500,22.994435
1501,22.081304
1502,20.596786
1503,20.715329
1504,20.715737
1505,20.837058
1506,20.810330
1507,20.712091
1508,20.291630
1509,21.322546
1510,22.821191
1511,23.209572
1512,22.421114
1513,22.667657
1514,20.838086
1515,20.578130
1516,20.366894
1517,20.608331
1518,20.520434
1519,21.018837
1520,20.495190
1521,21.466199
1522,23.629148
1523,23.348983
1524,22.933217
1525,20.570774
1526,20.460871
1527,20.689831
1528,20.318502
1529,20.891192
1530,20.411810
1531,20.615867
1532,20.521062
1533,22.677812
1534,23.555835
1535,23.281956
1536,22.549970
1537,20.665691
1538,20.390252
1539,20.629698
1540,20.710151
1541,20.482438
1542,31.861972
1543,28.484554
1544,40.448661
1545,38.660586
1546,34.026583
1547,34.962938
1548,29.074749
1549,34.015168
1550,31.172364
1551,34.595203
1552,40.824611
1553,30.933101
1554,30.409068
1555,33.809797
1556,30.300167
1557,30.652981
1558,34.800879
1559,41.667718
1560,37.761898
1561,31.500706
1562,35.607414
1563,31.497444
1564,33.970802
1565,31.817084
1566,40.771870
1567,36.590809
1568,35.349975
1569,31.187759
1570,29.203887
1571,35.316808
1572,38.671717
1573,37.579650
1574,39.038764
1575,35.735083
1576,29.312392
1577,32.488306
1578,31.532429
1579,31.498545
1580,36.900641
1581,38.276594
1582,35.378478
1583,30.566099
1584,28.866658
1585,30.413936
1586,30.900264
1587,26.965393
1588,33.000526
1589,37.937572
1590,36.803221
1591,31.545147
1592,33.117203
1593,31.821707
1594,30.350937
1595,31.215203
1596,30.180213
1597,38.625595
1598,45.759813
1599,40.037181
1600,36.336883
1601,40.498307
1602,33.993683
1603,32.748880
1604,37.969382
1605,31.672471
1606,26.980099
1607,30.666038
1608,34.055499
1609,32.681824
1610,51.953396
1611,39.677721
1612,31.132773
1613,28.625920
1614,31.735579
1615,35.573825
1616,32.998046
1617,39.361362
1618,36.172112
1619,34.473356
1620,30.641401
1621,30.214874
1622,39.386575
1623,28.869034
1624,34.639879
1625,40.139213
1626,35.692035
1627,34.945039
1628,36.177738
1629,31.730813
1630,26.881424
1631,34.026007
1632,43.202379
1633,38.754017
1634,30.793198
1635,31.064672
1636,33.556985
1637,29.991313
1638,31.948106
1639,35.482722
1640,37.561431
1641,35.103375
1642,30.147112
1643,30.693830
1644,39.360158
1645,37.049301
1646,32.261358
1647,39.942081
1648,34.489722
1649,30.332484
1650,33.545244
1651,29.804764
1652,27.797946
1653,20.372257
1654,23.342788
1655,22.644669
1656,22.349698
1657,22.107871
1658,20.134720
1659,19.932241
1660,20.064976
1661,20.987304
1662,21.165207
1663,20.399990
1664,20.599322
1665,19.453133
1666,23.697135
1667,22.807127
1668,22.481418
1669,21.418229
1670,20.250895
1671,20.270647
1672,19.772205
1673,20.269114
1674,20.823462
1675,19.990414
1676,20.193175
1677,20.614198
1678,22.726906
1679,23.046777
1680,22.502314
1681,20.886695
1682,19.826002
1683,20.003116
1684,19.900339
1685,20.599909
1686,20.212056
1687,20.227727
1688,20.225995
1689,20.723037
1690,22.679189
1691,23.326354
1692,23.110833
1693,21.647525
1694,19.900245
1695,20.139559
1696,19.734290
1697,20.857060
1698,20.268407
1699,24.869917
1700,23.022658
1701,22.223733
1702,22.139041
1703,22.908637
1704,23.203270
1705,21.155790
1706,20.023918
1707,20.898750
1708,19.951561
1709,19.776703
1710,20.178712
1711,20.287912
1712,20.019457
1713,22.517608
1714,22.964880
1715,22.819507
1716,22.462593
1717,20.375612
1718,19.817170
1719,20.138591
1720,21.024611
1721,20.872315
1722,20.044852
1723,20.699310
1724,20.028707
1725,23.099457
1726,22.390640
1727,22.581884
1728,24.255737
1729,23.112866
1730,19.866444
1731,20.452011
1732,20.091934
1733,19.909851
1734,20.147239
1735,20.162070
1736,21.068737
1737,22.279229
1738,22.566050
1739,24.734657
1740,20.294741
1741,20.663663
1742,21.174369
1743,20.404509
1744,20.713385
1745,20.266406
1746,30.684565
1747,40.857409
1748,45.080018
1749,42.468780
1750,29.047591
1751,32.501158
1752,31.982299
1753,36.196517
1754,31.603520
1755,43.162851
1756,34.031004
1757,32.192311
1758,33.094158
1759,38.997344
1760,37.545425
1761,30.964901
1762,39.116557
1763,36.476730
1764,30.328956
1765,30.678386
1766,33.271391
1767,27.973745
1768,29.906859
1769,41.105109
1770,37.306190
1771,30.445037
1772,32.263747
1773,28.434410
1774,30.518527
1775,29.593408
1776,33.722454
1777,36.620656
1778,37.335281
1779,31.029386
1780,32.986288
1781,32.039858
1782,34.565575
1783,30.807414
1784,35.566871
1785,33.053461
1786,33.760763
1787,28.289516
1788,31.536223
1789,34.883203
1790,30.264309
1791,33.943460
1792,50.202928
1793,23.892290
1794,22.506034
1795,20.699025
1796,20.871487
1797,19.467533
1798,20.047260
1799,20.530478
1800,20.608513
1801,19.923926
1802,22.696422
1803,22.912467
1804,23.190773
1805,22.546796
1806,20.708786
1807,19.898524
1808,20.545121
1809,19.880281
1810,20.410319
1811,20.461459
1812,20.348881
1813,20.512614
1814,23.973171
1815,22.216464
1816,22.723003
1817,22.173177
1818,21.589014
1819,20.116159
1820,20.357777
1821,21.096683
1822,19.976718
1823,20.052308
1824,20.246239
1825,20.497670
1826,22.755471
1827,23.027112
1828,22.567487
1829,20.957152
1830,21.211267
1831,19.588631
1832,19.647943
1833,19.934636
1834,20.012424
1835,20.254846
1836,19.598409
1837,20.339777
1838,22.182457
1839,28.245329
1840,22.470494
1841,21.986921
1842,19.772305
1843,20.410755
1844,20.116048
1845,20.102324
1846,20.448233
1847,20.275232
1848,20.349761
1849,21.205434
1850,22.652555
1851,23.381802
1852,23.430812
1853,19.827970
1854,20.012643
1855,19.967246
1856,21.746234
1857,20.122343
1858,20.464834
1859,19.759968
1860,19.713639
1861,21.395468
1862,22.363093
1863,22.687457
1864,22.641297
1865,21.157666
1866,20.134652
1867,20.140307
1868,19.947887
1869,20.293243
1870,19.941312
1871,20.170556
1872,20.330335
1873,21.676285
1874,22.688838
1875,22.681991
1876,22.808192
1877,20.851920
1878,19.308380
1879,19.743875
1880,19.811366
1881,20.109095
1882,20.165504
1883,20.243661
1884,20.344296
1885,21.785993
1886,25.494609
1887,48.209244
1888,32.751650
1889,32.632513
1890,28.602910
1891,30.209339
1892,30.551185
1893,38.050610
1894,39.676797
1895,35.853404
1896,30.675084
1897,28.973509
1898,34.584874
1899,31.767552
1900,29.881672
1901,37.485988
1902,37.827010
1903,35.463340
1904,28.078998
1905,30.290165
1906,29.255860
1907,34.086592
1908,31.213361
1909,38.551735
1910,36.876177
1911,28.590250
1912,29.900913
1913,35.062324
1914,31.470859
1915,30.461538
1916,38.420150
1917,38.039048
1918,34.223521
1919,38.128332
1920,37.644202
1921,34.575178
1922,24.685505
1923,38.251312
1924,38.933464
1925,33.168494
1926,31.145720
1927,29.085416
1928,33.153419
1929,29.864021
1930,30.932199
1931,38.287172
1932,35.078114
1933,38.808171
1934,33.644331
1935,40.121604
1936,41.304608
1937,48.285380
1938,44.202669
1939,54.957162
1940,30.724370
1941,48.432378
1942,40.555146
1943,44.730841
1944,29.269490
1945,30.338690
1946,29.740337
1947,28.394355
1948,28.613096
1949,30.707902
1950,28.038643
1951,33.577856
1952,36.885469
1953,30.443138
1954,32.389445
1955,27.758663
1956,27.871415
1957,28.762918
1958,28.295583
1959,33.924650
1960,34.549648
1961,32.800653
1962,26.559348
1963,29.485882
1964,29.268262
1965,30.367500
1966,27.664895
1967,36.126863
1968,49.429036
1969,31.215252
1970,27.948357
1971,20.644905
1972,20.163709
1973,20.666315
1974,20.083682
1975,20.435735
1976,23.883468
1977,22.779817
1978,22.763924
1979,23.026749
1980,20.093360
1981,20.529051
1982,20.295348
1983,19.839453
1984,20.236177
1985,20.228506
1986,20.405229
1987,20.279040
1988,23.986312
1989,23.023677
1990,26.606992
1991,21.487142
1992,20.032349
1993,20.583917
1994,20.135216
1995,20.379220
1996,20.824220
1997,20.502827
1998,20.454875
1999,21.312467
2000,22.771976
2001,22.511696
2002,23.539671
2003,20.136644
2004,22.068830
2005,21.098579
2006,20.662117
2007,21.163035
2008,20.380819
2009,20.771833
2010,19.961155
2011,21.016297
2012,22.405380
2013,22.974580
2014,22.856638
2015,21.028250
2016,20.397034
2017,29.024935
2018,19.966709
2019,20.763130
2020,20.320893
2021,20.120431
2022,20.905926
2023,23.041329
2024,24.209989
2025,22.502401
2026,20.475146
2027,20.585290
2028,20.514854
2029,20.268915
2030,20.415976
2031,20.164881
2032,20.101609
2033,20.508657
2034,21.305992
2035,23.400723
2036,22.637552
2037,23.945896
2038,21.098892
2039,21.135767
2040,20.553334
2041,20.078258
2042,20.343996
2043,20.605032
2044,20.054384
2045,20.184753
2046,22.741864
2047,22.487362
2048,22.469137
2049,21.718862
2050,20.051922
2051,20.072507
2052,20.969840
2053,19.828291
2054,19.981096
2055,20.216840
2056,19.755725
2057,20.170048
2058,22.087340
2059,22.897466
2060,23.206012
2061,22.547370
2062,20.539772
2063,20.444605
2064,38.463520
2065,32.450700
2066,28.059516
2067,28.244431
2068,31.550118
2069,34.918099
2070,35.294634
2071,29.317002
2072,28.085781
2073,33.386111
2074,31.079491
2075,28.476981
2076,36.807528
2077,34.319458
2078,34.839085
2079,31.201198
2080,29.353067
2081,33.035415
2082,29.473559
2083,30.491313
2084,37.135031
2085,33.399017
2086,31.277254
2087,31.341806
2088,31.403768
2089,28.389907
2090,27.807525
2091,31.430139
2092,37.370256
2093,32.722942
2094,31.512659
2095,30.422194
2096,30.874166
2097,32.744436
2098,29.684086
2099,36.159793
2100,35.769145
2101,35.838234
2102,29.963855
2103,28.245763
2104,33.532408
2105,30.244244
2106,28.899574
2107,39.111396
2108,41.953839
2109,37.310298
2110,32.814374
2111,27.495693
2112,28.428879
2113,28.077525
2114,32.590619
2115,38.908132
2116,34.680192
2117,28.821561
2118,30.049112
2119,32.745875
2120,29.986998
2121,29.031537
2122,37.259987
2123,37.670982
2124,36.181224
2125,32.340103
2126,27.473882
2127,30.968313
2128,29.912133
2129,30.606969
2130,37.727797
2131,34.747125
2132,36.139332
2133,35.270186
2134,33.220435
2135,28.009179
2136,28.195046
2137,30.147046
2138,39.065361
2139,36.669604
2140,29.520688
2141,28.938913
2142,28.886432
2143,32.530242
2144,28.001004
2145,31.841500
2146,39.054159
2147,37.707009
2148,30.007440
2149,30.658133
2150,29.297231
2151,28.560038
2152,31.677463
2153,36.585362
2154,33.069484
2155,36.773864
2156,31.874887
2157,31.985048
2158,28.368624
2159,28.942343
2160,30.291910
2161,37.399800
2162,33.612217
2163,34.562879
2164,30.994170
2165,31.547969
2166,30.224607
2167,30.592029
2168,33.860858
2169,35.268921
2170,37.859666
2171,34.820157
2172,30.629861
2173,31.885278
2174,26.969858
2175,28.442465
2176,23.159754
2177,23.685735
2178,23.607837
2179,22.842539
2180,20.406751
2181,20.272161
2182,20.247591
2183,20.053685
2184,20.237367
2185,20.358112
2186,20.118992
2187,20.597696
2188,22.472178
2189,23.554011
2190,22.820996
2191,21.603907
2192,20.618114
2193,20.396655
2194,20.795381
2195,20.228092
2196,20.097586
2197,20.603935
2198,20.107128
2199,20.637132
2200,22.546964
2201,22.786759
2202,22.764572
2203,22.245809
2204,20.610757
2205,20.371914
2206,20.895685
2207,20.799355
2208,20.404072
2209,20.314736
2210,20.425789
2211,21.067183
2212,24.484730
2213,23.502822
2214,22.819966
2215,20.332894
2216,20.619134
2217,21.813610
2218,21.607888
2219,21.165292
2220,20.690611
2221,20.708590
2222,29.979389
2223,22.925966
2224,22.615717
2225,22.999666
2226,22.739200
2227,22.103081
2228,20.579728
2229,20.915586
2230,21.373465
2231,20.867434
2232,20.407468
2233,20.861036
2234,22.486310
2235,25.330425
2236,22.915549
2237,22.475600
2238,21.385250
2239,20.775793
2240,20.802909
2241,21.114001
2242,20.770857
2243,20.674969
2244,20.867165
2245,21.446197
2246,23.337469
2247,23.266362
2248,22.042867
2249,20.881403
2250,20.350691
2251,20.597025
2252,20.595449
2253,20.880683
2254,19.900716
2255,21.519786
2256,20.765965
2257,22.730515
2258,30.928699
2259,27.036001
2260,22.590502
2261,20.363857
2262,20.354878
2263,20.518691
2264,20.461205
2265,20.600034
2266,21.064642
2267,32.192805
2268,39.285618
2269,34.228082
2270,35.054025
2271,32.028872
2272,32.449590
2273,28.744159
2274,29.070453
2275,30.911265
2276,38.422547
2277,36.769484
2278,32.482691
2279,31.689679
2280,28.599463
2281,30.161015
2282,29.424563
2283,37.034427
2284,36.438230
2285,36.679938
2286,32.284271
2287,30.528739
2288,30.851415
2289,35.250523
2290,29.182399
2291,37.626859
2292,35.472194
2293,33.219011
2294,31.625041
2295,32.618271
2296,29.659302
2297,30.234325
2298,31.029664
2299,33.243162
2300,36.461642
2301,30.892806
2302,28.217420
2303,35.153183
2304,32.912214
2305,35.628000
2306,35.870837
2307,34.872343
2308,37.021254
2309,35.321338
2310,31.968763
2311,34.766650
2312,29.593399
2313,34.697911
2314,36.567693
2315,36.758711
2316,34.127950
2317,30.006873
2318,28.146382
2319,29.861132
2320,33.398900
2321,33.962997
2322,36.848504
2323,36.744040
2324,30.176459
2325,30.409177
2326,29.895590
2327,31.356074
2328,34.888815
2329,41.540938
2330,37.386457
2331,36.311332
2332,30.308602
2333,29.589059
2334,31.834477
2335,30.368994
2336,36.503751
2337,36.821424
2338,36.906146
2339,29.863613
2340,33.666557
2341,31.969068
2342,38.038446
2343,35.457240
2344,33.129475
2345,36.643485
2346,32.042229
2347,27.712526
2348,28.865127
2349,30.363914
2350,31.313515
2351,35.182690
2352,38.385823
2353,32.279206
2354,28.936128
2355,33.251512
2356,33.165354
2357,31.859346
2358,31.632233
2359,38.410185
2360,30.963307
2361,31.804563
2362,30.368388
2363,32.613368
2364,37.447362
2365,37.993250
2366,35.217012
2367,40.080663
2368,33.018969
2369,26.402295
2370,34.297804
2371,35.952102
2372,29.033178
2373,31.297283
2374,39.231247
2375,38.989033
2376,34.528925
2377,29.949644
2378,29.628983
2379,31.842452
2380,30.620159
2381,25.246699
2382,24.793287
2383,22.958273
2384,20.835278
2385,21.084901
2386,20.915881
2387,21.736814
2388,21.212435
2389,21.351158
2390,21.150848
2391,22.780527
2392,22.373649
2393,23.575347
2394,23.471621
2395,23.058895
2396,21.024777
2397,21.453245
2398,22.197744
2399,21.465397
2400,20.438307
2401,20.930549
2402,21.375983
2403,22.195440
2404,23.543916
2405,23.250694
2406,22.929799
2407,22.944810
2408,20.631971
2409,21.823356
2410,20.081642
2411,21.479808
2412,20.267153
2413,20.579163
2414,21.296538
2415,22.721485
2416,24.646329
2417,22.409493
2418,22.965022
2419,21.063392
2420,20.507480
2421,20.825450
2422,20.865059
2423,21.114555
2424,20.541981
2425,21.539409
2426,30.524323
2427,24.251538
2428,22.873065
2429,24.182285
2430,21.597845
2431,21.066329
2432,20.980267
2433,21.009440
2434,21.217264
2435,21.140333
2436,20.868590
2437,21.644191
2438,23.237437
2439,23.709305
2440,24.067704
2441,23.776730
2442,20.590611
2443,20.652520
2444,21.027523
2445,20.301916
2446,20.628055
2447,20.901840
2448,21.096047
2449,24.190989
2450,23.491715
2451,23.500291
2452,22.254769
2453,20.584555
2454,21.163857
2455,21.130304
2456,20.940981
2457,20.949247
2458,20.217643
2459,21.019075
2460,22.441922
2461,22.265134
2462,22.994557
2463,24.503556
2464,21.975522
2465,21.126842
2466,21.215508
2467,20.772726
2468,20.623162
2469,20.787436
2470,20.816203
2471,29.170953
2472,41.792551
2473,45.104872
2474,34.528011
2475,35.930921
2476,31.138661
2477,33.084135
2478,34.740934
2479,40.125137
2480,38.615371
2481,38.006726
2482,31.410954
2483,36.077540
2484,33.457191
2485,31.285805
2486,38.401305
2487,35.010524
2488,29.624838
2489,27.630105
2490,32.108381
2491,35.328558
2492,28.742967
2493,32.274165
2494,38.314683
2495,37.727609
2496,29.070878
2497,29.858120
2498,29.806086
2499,28.395562
2500,30.230256
2501,36.871225
2502,34.235577
2503,32.070282
2504,33.058491
2505,31.079483
2506,30.778497
2507,27.016840
2508,30.632039
2509,35.656871
2510,35.139320
2511,35.140453
2512,29.295477
2513,38.547870
2514,32.329701
2515,31.196392
2516,30.384038
2517,33.243819
2518,37.015161
2519,37.141236
2520,22.369427
2521,23.226574
2522,22.402865
2523,22.431773
2524,22.480205
2525,22.697331
2526,24.974423
2527,27.029414
2528,24.575494
2529,25.044117
2530,22.294602
2531,23.543461
2532,25.630007
2533,24.148069
2534,25.379454
2535,23.752914
2536,24.910693
2537,25.028381
2538,24.063459
2539,25.103962
2540,20.741078
2541,21.593442
2542,21.188340
2543,22.193420
2544,21.006565
2545,21.595822
2546,22.032784
2547,24.224145
2548,22.825839
2549,23.863945
2550,21.313682
2551,20.980267
2552,21.383499
2553,21.068405
2554,20.926325
2555,20.680148
2556,20.771882
2557,21.223558
2558,22.361176
2559,23.598666
2560,22.856065
2561,22.873954
2562,20.479767
2563,28.495311
2564,20.370873
2565,20.668208
2566,20.697669
2567,20.715214
2568,20.528403
2569,21.832355
2570,23.073907
2571,22.974221
2572,23.035585
2573,20.174363
2574,20.900445
2575,20.555962
2576,20.337731
2577,20.871073
2578,20.403327
2579,20.675344
2580,20.200118
2581,22.463323
2582,24.707863
2583,23.505056
2584,22.459882
2585,20.462316
2586,20.527214
2587,20.751209
2588,20.167829
2589,20.711912
2590,20.459764
2591,20.570391
2592,23.183185
2593,23.690938
2594,23.179315
2595,26.715859
2596,21.936474
2597,21.557401
2598,20.533261
2599,20.409521
2600,20.028353
2601,20.255975
2602,20.615894
2603,20.521083
2604,21.878244
2605,22.922324
2606,22.994315
2607,22.797980
2608,20.133472
2609,28.100555
2610,34.142815
2611,34.018548
2612,31.355129
2613,32.559065
2614,36.683454
2615,40.362411
2616,37.002427
2617,40.034986
2618,30.838255
2619,37.729615
2620,44.691164
2621,39.881872
2622,39.750312
2623,33.067225
2624,31.098344
2625,35.902753
2626,30.207080
2627,38.246420
2628,37.399064
2629,37.798102
2630,32.293177
2631,32.262386
2632,34.045490
2633,28.544791
2634,33.174649
2635,36.149257
2636,37.650871
2637,30.082426
2638,34.055013
2639,32.070637
2640,30.431142
2641,33.218077
2642,34.241219
2643,34.422389
2644,36.317064
2645,30.654344
2646,30.566731
2647,32.755717
2648,28.196087
2649,30.960808
2650,40.115837
2651,38.827787
2652,36.045428
2653,29.788128
2654,30.830631
2655,36.250019
2656,30.026140
2657,34.465581
2658,31.556163
2659,39.729213
2660,29.218866
2661,34.432427
2662,30.488635
2663,30.627159
2664,31.700393
2665,34.118596
2666,36.964548
2667,32.195778
2668,24.977674
2669,25.614610
2670,28.464739
2671,31.535254
2672,31.678390
2673,37.858868
2674,33.954337
2675,34.192717
2676,28.227588
2677,29.403344
2678,33.296845
2679,27.185136
2680,28.556606
2681,32.041574
2682,35.233910
2683,28.140154
2684,29.159864
2685,33.163788
2686,28.185351
2687,29.522887
2688,28.735412
2689,41.096365
2690,39.972086
2691,35.413969
2692,28.553984
2693,29.013673
2694,32.985084
2695,26.966484
2696,28.156545
2697,34.357325
2698,35.815112
2699,32.724539
2700,22.979441
2701,20.706750
2702,20.375345
2703,20.862726
2704,20.532652
2705,20.241686
2706,20.802099
2707,24.292001
2708,22.404942
2709,24.468268
2710,22.438393
2711,20.293299
2712,20.769525
2713,20.614244
2714,20.080284
2715,20.154439
2716,20.759141
2717,21.117633
2718,22.759232
2719,22.904766
2720,23.356380
2721,22.608810
2722,20.769948
2723,20.915815
2724,20.494224
2725,20.708142
2726,20.110642
2727,20.577656
2728,20.621449
2729,20.326141
2730,25.410870
2731,23.025839
2732,24.081489
2733,22.179254
2734,20.546536
2735,20.586922
2736,20.652671
2737,20.926933
2738,20.369372
2739,20.259644
2740,20.357872
2741,24.297456
2742,23.544122
2743,22.370903
2744,21.848333
2745,20.376263
2746,28.055155
2747,20.569903
2748,20.642972
2749,20.327969
2750,20.832384
2751,20.760477
2752,21.190217
2753,22.666307
2754,22.812021
2755,23.312916
2756,21.872045
2757,21.109605
2758,19.780058
2759,20.359640
2760,20.255951
2761,20.281181
2762,20.289556
2763,20.394633
2764,21.445227
2765,23.747033
2766,25.514303
2767,23.103236
2768,21.797819
2769,21.230950
2770,20.453440
2771,20.327709
2772,20.305780
2773,20.602847
2774,20.726853
2775,20.155064
2776,22.581488
2777,24.820467
2778,23.033521
2779,22.425117
2780,20.841341
2781,21.011635
2782,20.516635
2783,21.346619
2784,19.871687
2785,20.912468
2786,20.838914
2787,21.280583
2788,22.675894
2789,22.687575
2790,23.372175
2791,21.495774
2792,27.060869
2793,31.756311
2794,28.085254
2795,26.853396
2796,30.474486
2797,31.404946
2798,34.153467
2799,34.158054
2800,35.700515
2801,29.607942
2802,31.669123
2803,28.874651
2804,31.876425
2805,39.415425
2806,38.923796
2807,36.417376
2808,28.288027
2809,31.163130
2810,34.860121
2811,30.055452
2812,35.061081
2813,32.917585
2814,39.446579
2815,31.952125
2816,29.754178
2817,30.417575
2818,33.988406
2819,28.510010
2820,33.641567
2821,38.390013
2822,34.546224
2823,28.666739
2824,33.760439
2825,36.375594
2826,30.746890
2827,33.991075
2828,34.121758
2829,40.658276
2830,34.134910
2831,30.590387
2832,33.590166
2833,33.401694
2834,33.796948
2835,47.114673
2836,36.192868
2837,31.159985
2838,35.335590
2839,30.184212
2840,31.046851
2841,34.431941
2842,37.098994
2843,32.886306
2844,31.885213
2845,28.861745
2846,32.952279
2847,34.573891
2848,35.244299
2849,28.438633
2850,35.200176
2851,36.903251
2852,34.710937
2853,22.828326
2854,31.511872
2855,33.054118
2856,29.183744
2857,34.347130
2858,32.928716
2859,38.417116
2860,29.451719
2861,31.686089
2862,27.151110
2863,28.353816
2864,29.380202
2865,33.957722
2866,36.963083
2867,35.687193
2868,28.523177
2869,31.728017
2870,29.368899
2871,27.789466
2872,31.978946
2873,38.615032
2874,37.795411
2875,36.276991
2876,27.419741
2877,28.442765
2878,29.412727
2879,29.288561
2880,30.524056
2881,39.983295
2882,38.481527
2883,33.082069
2884,28.918794
2885,27.213802
2886,29.691504
2887,29.050993
2888,30.791337
2889,34.869708
2890,34.223874
2891,35.283404
2892,29.657768
2893,31.477565
2894,27.946925
2895,30.699462
2896,34.412058
2897,37.472220
2898,24.645635
2899,21.670746
2900,21.465906
2901,20.991857
2902,20.920106
2903,20.969265
2904,21.050564
2905,21.087503
2906,21.010645
2907,24.634956
2908,23.838765
2909,24.926984
2910,24.775218
2911,24.211865
2912,21.416068
2913,20.983387
2914,20.842803
2915,21.035697
2916,21.803063
2917,21.209564
2918,24.711229
2919,23.125119
2920,23.493822
2921,21.370441
2922,21.173386
2923,22.244228
2924,21.190074
2925,20.766936
2926,21.391949
2927,21.524319
2928,21.270918
2929,23.627361
2930,24.226207
2931,23.604694
2932,22.615011
2933,20.953672
2934,21.455093
2935,22.031246
2936,21.358036
2937,21.412048
2938,20.894881
2939,21.586332
2940,21.866037
2941,24.286977
2942,31.134280
2943,24.043877
2944,23.291001
2945,21.730920
2946,21.536293
2947,21.166761
2948,21.030742
2949,21.000715
2950,21.244345
2951,21.996672
2952,23.662875
2953,23.801895
2954,23.273236
2955,20.857546
2956,21.218011
2957,20.953736
2958,21.127074
2959,22.193429
2960,21.582394
2961,21.436381
2962,21.648453
2963,24.086317
2964,23.438670
2965,23.600165
2966,21.110838
2967,21.055905
2968,21.501477
2969,21.334427
2970,20.951668
2971,21.826643
2972,21.091290
2973,21.065477
2974,22.595005
2975,23.416690
2976,23.991866
2977,23.881875
2978,22.535698
2979,20.855988
2980,21.081961
2981,20.864188
2982,21.190643
2983,21.603602
2984,21.858168
2985,20.925579
2986,23.927350
2987,39.208461
2988,40.683622
2989,34.260803
2990,28.838831
2991,32.534236
2992,33.529388
2993,32.363252
2994,38.844236
2995,38.924979
2996,32.885509
2997,33.944266
2998,34.505087
2999,28.278467
3000,33.829337
3001,35.901834
3002,37.279776
3003,30.967649
3004,29.998090
3005,34.256059
3006,30.643923
3007,34.455674
3008,33.742409
3009,38.066015
3010,37.359204
3011,31.650765
3012,34.220923
3013,32.020558
3014,33.860095
3015,33.417716
3016,42.651956
3017,31.881426
3018,28.024947
3019,30.133873
3020,29.941404
3021,33.432159
3022,29.913970
3023,40.671723
3024,38.156249
3025,29.913519
3026,33.692360
3027,32.345823
3028,29.765461
3029,31.309619
3030,32.044137
3031,37.213837
3032,37.804499
3033,31.265862
3034,30.738362
3035,38.705230
3036,33.765603
3037,32.978886
3038,38.934607
3039,41.864275
3040,34.911227
3041,28.674928
3042,29.404189
3043,34.164346
3044,31.046648
3045,48.045601
3046,43.336191
3047,36.845742
3048,38.361258
3049,33.130696
3050,40.569339
3051,43.248279
3052,38.432603
3053,37.930754
3054,33.177084
3055,30.822407
3056,29.661082
3057,32.077144
3058,30.026231
3059,36.253000
3060,32.589503
3061,35.957608
3062,29.907187
3063,33.699773
3064,28.077560
3065,28.561549
3066,30.692013
3067,35.601523
3068,33.491315
3069,34.611523
3070,28.830782
3071,31.987298
3072,28.651090
3073,27.932553
3074,36.662401
3075,40.009904
3076,37.209209
3077,30.387337
3078,32.418936
3079,31.014279
3080,31.114798
3081,32.838929
3082,36.977338
3083,31.606822
3084,32.994863
3085,32.359715
3086,33.309138
3087,34.104714
3088,29.881283
3089,34.718760
3090,46.919368
3091,40.281636
3092,34.777013
3093,35.208586
3094,33.401729
3095,38.642133
3096,47.713931
3097,26.046524
3098,23.027847
3099,22.958882
3100,21.039119
3101,21.265979
3102,21.611253
3103,21.421628
3104,21.951685
3105,21.651364
3106,24.846238
3107,24.451639
3108,23.291174
3109,21.923415
3110,22.047745
3111,22.111625
3112,21.383495
3113,21.937003
3114,21.804222
3115,21.469787
3116,21.058988
3117,23.688400
3118,23.459296
3119,21.825770
3120,21.632394
3121,21.256254
3122,21.439704
3123,21.502811
3124,21.433559
3125,21.414934
3126,22.091758
3127,22.390973
3128,23.216271
3129,29.540277
3130,24.537806
3131,23.460106
3132,21.431727
3133,21.048930
3134,21.789348
3135,21.641368
3136,21.518505
3137,21.366372
3138,21.101552
3139,22.388537
3140,27.855631
3141,25.957613
3142,24.062989
3143,21.959809
3144,23.066260
3145,21.451529
3146,21.423232
3147,21.400712
3148,21.604592
3149,21.569831
3150,24.230916
3151,24.329897
3152,23.439037
3153,23.508129
3154,23.507418
3155,21.698423
3156,21.371511
3157,21.648428
3158,20.908303
3159,21.668390
3160,21.387391
3161,22.987615
3162,23.568417
3163,23.865987
3164,24.107054
3165,21.598540
3166,21.373829
3167,21.478929
3168,21.079681
3169,21.282212
3170,22.231506
3171,21.364415
3172,21.874164
3173,24.190759
3174,25.068764
3175,23.752755
3176,21.562384
3177,21.357996
3178,21.239427
3179,21.512472
3180,21.398028
3181,21.623696
3182,21.675761
3183,21.233951
3184,24.606546
3185,48.535157
3186,37.051328
3187,30.836380
3188,32.492578
3189,30.859052
3190,34.715398
3191,35.521202
3192,38.921548
3193,37.902390
3194,30.521714
3195,35.438562
3196,34.648792
3197,31.289338
3198,31.943424
3199,39.376642
3200,37.463037
3201,33.467965
3202,30.581557
3203,36.645794
3204,30.312863
3205,32.026848
3206,43.282558
3207,40.005204
3208,32.356390
3209,34.425291
3210,33.924315
3211,32.602419
3212,32.798860
3213,39.637824
3214,35.366097
3215,37.498506
3216,35.532893
3217,30.718780
3218,31.012348
3219,28.784854
3220,33.444249
3221,38.966657
3222,35.524956
3223,29.355704
3224,31.193934
3225,35.341602
3226,31.666434
3227,31.920160
3228,33.968964
3229,36.827604
3230,31.632677
3231,34.005596
3232,30.751728
3233,33.818506
3234,29.576176
3235,35.647437
3236,39.152807
3237,32.193606
3238,27.391406
3239,22.145068
3240,21.666879
3241,27.992414
3242,27.639731
3243,26.988551
3244,25.283838
3245,23.966651
3246,23.878888
3247,22.287005
3248,22.492227
3249,21.748929
3250,22.121555
3251,22.541543
3252,22.854254
3253,22.547320
3254,22.783192
3255,24.628091
3256,24.599054
3257,24.542231
3258,24.056725
3259,22.276667
3260,22.135203
3261,21.990511
3262,21.855273
3263,22.573995
3264,22.682379
3265,23.048317
3266,24.360944
3267,25.186442
3268,25.985782
3269,25.650919
3270,21.665489
3271,21.623512
3272,22.196949
3273,21.768029
3274,22.316940
3275,23.047851
3276,23.446332
3277,24.892934
3278,24.504626
3279,23.952384
3280,27.132916
3281,22.753115
3282,22.093615
3283,22.255022
3284,22.016723
3285,22.505808
3286,22.753392
3287,25.385076
3288,25.395627
3289,24.495409
3290,24.210220
3291,22.385253
3292,22.018524
3293,22.461925
3294,22.654198
3295,22.349539
3296,22.397024
3297,23.218177
3298,27.151494
3299,24.518087
3300,25.248122
3301,22.780891
3302,22.752775
3303,22.824269
3304,22.261775
3305,22.391812
3306,22.216330
3307,22.572504
3308,23.453925
3309,24.980267
3310,25.947662
3311,24.212007
3312,22.193475
3313,22.250613
3314,22.329908
3315,22.325525
3316,22.561340
3317,22.587299
3318,23.927821
3319,24.421191
3320,25.503948
3321,24.858428
3322,26.209216
3323,44.949984
3324,33.423390
3325,30.308883
3326,31.644261
3327,36.496661
3328,40.104160
3329,38.926976
3330,34.885393
3331,30.508433
3332,31.695835
3333,39.046708
3334,40.470794
3335,41.285747
3336,37.279935
3337,37.186976
3338,33.720139
3339,31.246500
3340,34.229419
3341,40.071231
3342,41.339646
3343,38.726182
3344,37.007249
3345,35.936638
3346,32.711505
3347,35.171923
3348,39.105330
3349,38.934816
3350,31.560991
3351,37.189977
3352,31.883676
3353,38.628699
3354,50.589774
3355,52.296851
3356,54.393280
3357,32.462104
3358,34.035587
3359,32.525838
3360,36.577751
3361,39.486467
3362,35.837801
3363,30.329886
3364,34.324687
3365,36.446662
3366,35.946297
3367,33.101457
3368,38.233537
3369,41.551873
3370,34.726734
3371,33.037683
3372,38.675339
3373,36.424736
3374,34.479377
3375,42.927197
3376,37.404686
3377,30.868944
3378,32.731112
3379,36.465865
3380,39.750141
3381,36.280929
3382,39.111877
3383,36.980729
3384,32.870987
3385,31.682082
3386,33.725104
3387,32.686725
3388,32.752923
3389,38.594928
3390,34.584494
3391,36.309221
3392,33.454363
3393,34.173791
3394,38.120915
3395,36.507292
3396,36.620960
3397,38.152606
3398,33.442342
3399,31.209965
3400,37.349078
3401,34.517154
3402,31.685797
3403,38.893183
3404,38.923268
3405,27.732192
3406,23.696933
3407,23.030167
3408,23.483400
3409,23.142976
3410,24.012723
3411,23.907538
3412,26.632428
3413,26.317685
3414,26.590299
3415,23.605703
3416,23.677020
3417,23.476587
3418,23.493800
3419,23.475012
3420,23.530094
3421,24.034349
3422,26.388523
3423,26.030703
3424,26.720512
3425,23.996211
3426,23.806627
3427,23.154796
3428,23.476662
3429,23.444078
3430,23.511711
3431,23.781786
3432,25.725477
3433,25.683696
3434,25.582899
3435,25.395894
3436,23.539570
3437,25.735629
3438,26.573955
3439,26.394331
3440,26.228982
3441,26.116651
3442,28.316491
3443,29.472337
3444,25.933616
3445,28.588268
3446,23.922879
3447,23.816525
3448,23.813119
3449,23.317509
3450,23.342085
3451,23.743487
3452,25.825886
3453,26.043182
3454,25.737717
3455,23.266590
3456,22.956143
3457,23.414885
3458,22.654881
3459,23.841989
3460,23.376637
3461,23.194531
3462,26.308620
3463,29.145455
3464,26.444355
3465,24.727550
3466,23.951118
3467,23.596334
3468,23.284710
3469,23.651871
3470,23.728882
3471,23.402134
3472,25.497269
3473,25.880014
3474,26.214324
3475,28.751295
3476,26.131175
3477,24.926487
3478,24.125310
3479,23.170863
3480,23.576372
3481,23.124547
3482,25.835105
3483,26.083802
3484,25.738978
3485,28.166354
3486,46.580333
3487,30.747539
3488,33.467513
3489,29.247173
3490,37.245713
3491,46.270599
3492,41.810668
3493,40.128193
3494,35.460475
3495,32.477240
3496,36.524471
3497,38.960614
3498,40.876056
3499,37.569469
3500,34.654732
3501,34.726828
3502,34.407965
3503,39.596307
3504,36.452221
3505,37.406288
3506,31.706432
3507,37.969126
3508,37.424368
3509,38.557337
3510,36.650039
3511,41.370893
3512,38.455059
3513,30.659495
3514,33.730009
3515,35.288567
3516,33.547890
3517,41.197793
3518,43.291537
3519,38.085445
3520,34.222822
3521,38.938408
3522,36.126505
3523,33.540238
3524,42.703603
3525,41.520796
3526,32.560236
3527,37.478559
3528,36.256210
3529,35.860184
3530,39.410647
3531,43.737554
3532,37.797660
3533,34.364824
3534,32.328076
3535,36.423085
3536,40.258113
3537,43.076549
3538,41.095352
3539,34.249910
3540,34.862670
3541,38.821399
3542,36.299979
3543,38.632470
3544,51.899061
3545,43.393606
3546,38.882669
3547,34.757223
3548,42.652446
3549,37.416631
3550,46.451231
3551,40.663605
3552,34.592968
3553,35.944508
3554,36.061697
3555,34.169610
3556,41.012765
3557,42.406012
3558,39.642439
3559,32.107698
3560,37.748877
3561,34.709763
3562,30.310359
3563,36.293028
3564,42.048203
3565,34.372885
3566,36.177284
3567,31.086991
3568,33.621423
3569,32.000877
3570,34.192754
3571,41.079562
3572,29.649761
3573,23.648641
3574,24.352400
3575,23.478345
3576,23.483782
3577,23.472190
3578,23.320755
3579,25.062935
3580,28.507116
3581,26.349051
3582,24.318198
3583,23.654049
3584,23.173379
3585,23.377080
3586,23.397330
3587,23.603017
3588,23.423934
3589,23.854495
3590,25.603572
3591,25.962175
3592,25.697075
3593,23.810730
3594,23.524742
3595,23.303633
3596,23.244858
3597,23.601387
3598,23.550267
3599,24.819756
3600,25.890572
3601,25.915934
3602,25.731665
3603,23.896397
3604,23.945683
3605,23.502152
3606,23.528645
3607,23.547652
3608,23.554719
3609,23.454650
3610,24.611061
3611,29.217352
3612,29.530090
3613,25.175045
3614,24.448707
3615,23.811728
3616,23.679228
3617,23.628209
3618,23.927609
3619,23.565575
3620,25.783403
3621,26.170038
3622,26.622875
3623,24.953271
3624,23.681522
3625,24.002027
3626,23.440371
3627,23.722251
3628,23.681197
3629,24.118169
3630,24.534244
3631,26.060430
3632,26.202369
3633,26.670872
3634,25.033113
3635,25.181845
3636,26.944922
3637,27.380380
3638,26.508279
3639,25.611592
3640,29.581675
3641,32.625678
3642,31.499957
3643,28.996757
3644,25.410347
3645,24.137891
3646,25.186667
3647,23.869348
3648,23.755083
3649,25.463167
3650,26.615667
3651,34.735280
3652,40.412978
3653,38.176568
3654,34.661274
3655,35.775689
3656,38.462361
3657,42.437936
3658,35.736322
3659,35.372634
3660,34.064494
3661,35.898308
3662,33.863115
3663,40.373025
3664,39.795829
3665,37.932955
3666,36.384091
3667,35.781361
3668,32.441575
3669,35.429566
3670,38.800487
3671,38.439331
3672,41.823033
3673,34.709682
3674,39.350232
3675,34.566731
3676,37.078190
3677,38.216304
3678,39.756810
3679,29.795003
3680,38.459575
3681,38.231998
3682,36.484978
3683,34.835072
3684,44.283842
3685,42.104378
3686,33.330807
3687,36.978728
3688,35.537863
3689,35.357915
3690,39.273697
3691,42.589377
3692,38.254627
3693,36.804977
3694,38.042311
3695,37.147811
3696,33.935212
3697,43.007192
3698,40.951126
3699,31.428919
3700,36.137864
3701,35.328535
3702,37.228884
3703,48.621796
3704,55.631898
3705,34.428910
3706,33.988233
3707,31.324687
3708,34.430015
3709,33.582531
3710,43.053776
3711,36.776012
3712,34.354012
3713,32.193403
3714,36.794302
3715,35.502933
3716,29.538072
3717,37.019493
3718,34.569223
3719,39.772779
3720,34.125409
3721,34.002489
3722,32.616093
3723,31.831517
3724,36.981907
3725,34.122323
3726,34.971564
3727,34.123715
3728,30.315602
3729,31.789881
3730,33.362283
3731,32.958959
3732,43.601604
3733,35.551435
3734,33.455665
3735,26.504485
3736,34.987329
3737,33.163280
3738,29.620689
3739,38.530085
3740,34.493924
3741,33.978966
3742,30.535994
3743,33.456742
3744,30.036756
3745,32.340350
3746,37.470455
3747,38.858721
3748,38.686992
3749,32.765252
3750,31.392011
3751,30.837501
3752,31.195914
3753,32.085067
3754,35.328439
3755,36.431103
3756,25.979650
3757,22.845791
3758,23.354454
3759,22.805369
3760,22.692783
3761,22.795558
3762,22.671711
3763,23.706735
3764,24.652142
3765,25.420987
3766,25.401098
3767,22.448618
3768,22.661441
3769,22.974680
3770,24.523386
3771,22.344124
3772,22.183111
3773,22.961701
3774,24.754438
3775,25.207608
3776,25.677971
3777,25.865098
3778,23.099872
3779,22.309778
3780,23.716968
3781,22.749478
3782,22.299941
3783,22.198982
3784,22.041035
3785,24.065317
3786,24.478265
3787,23.944922
3788,21.887858
3789,21.963000
3790,21.988530
3791,21.737534
3792,21.749418
3793,22.454684
3794,22.314777
3795,22.091333
3796,24.139753
3797,26.300637
3798,32.140600
3799,22.605018
3800,25.618192
3801,24.303803
3802,22.618037
3803,22.500317
3804,23.074759
3805,23.090048
3806,24.479607
3807,24.389878
3808,24.202997
3809,23.590160
3810,21.246589
3811,22.007466
3812,22.204221
3813,21.680281
3814,21.415408
3815,22.017092
3816,22.360765
3817,25.209521
3818,26.107173
3819,26.119860
3820,23.794644
3821,22.279281
3822,22.097422
3823,22.059039
3824,22.401845
3825,22.072923
3826,22.102698
3827,23.488108
3828,25.706217
3829,24.427724
3830,24.640699
3831,23.986479
3832,20.886616
3833,22.726772
3834,21.048464
3835,21.557057
3836,22.164712
3837,21.432132
3838,22.975028
3839,24.494662
3840,24.310885
3841,49.016007
3842,34.318843
3843,32.565844
3844,32.521675
3845,29.835671
3846,38.210775
3847,35.467300
3848,38.903760
3849,36.225706
3850,33.456388
3851,31.654719
3852,31.642641
3853,37.379669
3854,43.777054
3855,40.320197
3856,35.011051
3857,35.522135
3858,29.230479
3859,36.369188
3860,32.939623
3861,39.610206
3862,40.456308
3863,33.354269
3864,29.895347
3865,31.885594
3866,34.133607
3867,34.743559
3868,39.165608
3869,40.430670
3870,35.358754
3871,29.040727
3872,32.339783
3873,36.180413
3874,31.414498
3875,40.852372
3876,35.844328
3877,35.525851
3878,29.726859
3879,30.425035
3880,35.265711
3881,32.319104
3882,40.902139
3883,35.790934
3884,35.246682
3885,29.968988
3886,34.298123
3887,30.617765
3888,32.727371
3889,34.261856
3890,38.087140
3891,36.059280
3892,36.457606
3893,34.817096
3894,31.465116
3895,36.543417
3896,34.292204
3897,36.235533
3898,40.002930
3899,35.262712
3900,24.076567
3901,23.653990
3902,23.712748
3903,23.509244
3904,24.557480
3905,27.723386
3906,26.352837
3907,26.466648
3908,23.152786
3909,23.178276
3910,24.026784
3911,23.437111
3912,23.328144
3913,23.641541
3914,24.118104
3915,26.681890
3916,26.625990
3917,25.702812
3918,23.501485
3919,23.529557
3920,24.809188
3921,24.953035
3922,23.990158
3923,23.172079
3924,23.592622
3925,25.528275
3926,26.255354
3927,25.237068
3928,26.053378
3929,23.711005
3930,24.416499
3931,23.953827
3932,24.685840
3933,23.202173
3934,23.599293
3935,24.624695
3936,25.493752
3937,25.722710
3938,25.388861
3939,31.576199
3940,23.821685
3941,23.605311
3942,24.323042
3943,24.528538
3944,23.418050
3945,24.598326
3946,25.793339
3947,25.386295
3948,23.892407
3949,23.645206
3950,23.378252
3951,24.389024
3952,22.810657
3953,23.491468
3954,23.027031
3955,25.775345
3956,31.232528
3957,27.711855
3958,25.660438
3959,22.936760
3960,23.674409
3961,23.176240
3962,23.457527
3963,23.138602
3964,23.997229
3965,23.507309
3966,27.502399
3967,25.618573
3968,25.730638
3969,23.108875
3970,23.821791
3971,23.733595
3972,22.203618
3973,23.396581
3974,22.626885
3975,22.799370
3976,24.087334
3977,26.978789
3978,25.896320
3979,25.398454
3980,47.129433
3981,32.357329
3982,35.556088
3983,30.653328
3984,36.638096
3985,40.704261
3986,32.849326
3987,36.503742
3988,35.133860
3989,30.704211
3990,32.297054
3991,37.994553
3992,42.694666
3993,35.225498
3994,38.356881
3995,32.638448
3996,35.821569
3997,33.633970
3998,37.989367
3999,39.663577
4000,35.116287
4001,33.585252
4002,35.269319
4003,37.168133
4004,32.537094
4005,40.112183
4006,42.322594
4007,35.296153
4008,30.208278
4009,36.044887
4010,30.796313
4011,40.202266
4012,47.071335
4013,42.473492
4014,37.521546
4015,33.851900
4016,33.522110
4017,35.920528
4018,42.625881
4019,55.355918
4020,39.877517
4021,33.963077
4022,35.186524
4023,36.031060
4024,33.578982
4025,38.750041
4026,37.834804
4027,34.047259
4028,32.900308
4029,34.822884
4030,30.931596
4031,34.132842
4032,35.993147
4033,38.202938
4034,37.304700
4035,38.774307
4036,27.612620
4037,36.725281
4038,33.492510
4039,33.955036
4040,37.496512
4041,36.447475
4042,30.341933
4043,32.662038
4044,39.441396
4045,39.253694
4046,38.365779
4047,37.177138
4048,34.206809
4049,29.888635
4050,30.259726
4051,29.718660
4052,33.107698
4053,34.321023
4054,39.725113
4055,38.400070
4056,35.067542
4057,30.334102
4058,32.408701
4059,30.733066
4060,35.394036
4061,43.708491
4062,34.207506
4063,25.251991
4064,23.422307
4065,20.511569
4066,22.200389
4067,21.615259
4068,22.555512
4069,22.007382
4070,23.180442
4071,24.114907
4072,24.491475
4073,24.550447
4074,21.662003
4075,21.887101
4076,22.167613
4077,22.036649
4078,22.341709
4079,22.272466
4080,23.627314
4081,23.787176
4082,25.012124
4083,25.259098
4084,23.116891
4085,21.947127
4086,22.262555
4087,22.622296
4088,22.879481
4089,22.059989
4090,22.254270
4091,22.005969
4092,23.524484
4093,24.358752
4094,24.592559
4095,22.830783
4096,22.147968
4097,22.330215
4098,22.075595
4099,21.726125
4100,22.412443
4101,22.250717
4102,22.268522
4103,24.247723
4104,24.678135
4105,24.927461
4106,31.124985
4107,22.507829
4108,22.404479
4109,21.923833
4110,22.516407
4111,22.336978
4112,21.808854
4113,22.670242
4114,25.601327
4115,24.231478
4116,25.025254
4117,23.207404
4118,22.718012
4119,22.413911
4120,22.168231
4121,22.011641
4122,22.505194
4123,22.822142
4124,25.211463
4125,24.362615
4126,26.292861
4127,24.352604
4128,23.061175
4129,22.449155
4130,22.712132
4131,22.603191
4132,22.046047
4133,23.672185
4134,19.466971
4135,20.524450
4136,21.497478
4137,21.358072
4138,21.013758
4139,19.412592
4140,18.856929
4141,19.319931
4142,19.496973
4143,19.012138
4144,19.355532
4145,18.909678
4146,19.062343
4147,19.990617
4148,20.243300
4149,21.069121
4150,21.201159
4151,35.076822
4152,26.974956
4153,23.966862
4154,28.839148
4155,30.784609
4156,23.003850
4157,30.060444
4158,28.255507
4159,28.775840
4160,29.411407
4161,27.968954
4162,27.139589
4163,27.796033
4164,28.854983
4165,23.717348
4166,34.848628
4167,31.335250
4168,35.737703
4169,27.254559
4170,28.009960
4171,28.703007
4172,27.315233
4173,26.547949
4174,32.200451
4175,27.418213
4176,32.618503
4177,30.777419
4178,24.564056
4179,28.262849
4180,30.423870
4181,23.591397
4182,26.224539
4183,26.678200
4184,30.113933
4185,29.367110
4186,31.116586
4187,29.987399
4188,28.696985
4189,26.315197
4190,31.762403
4191,28.012262
4192,25.709212
4193,35.432003
4194,34.025842
4195,23.605641
4196,27.113983
4197,30.994067
4198,25.743127
4199,26.316567
4200,30.830700
4201,33.423324
4202,35.903369
4203,30.583454
4204,33.056662
4205,29.798711
4206,27.952508
4207,27.868635
4208,29.353596
4209,31.197215
4210,31.850401
4211,32.857864
4212,25.421506
4213,26.068228
4214,26.401142
4215,23.776826
4216,27.446606
4217,30.481515
4218,28.219758
4219,30.099566
4220,31.229985
4221,27.295820
4222,28.069198
4223,28.147074
4224,26.256245
4225,26.909866
4226,31.688724
4227,27.877312
4228,32.198490
4229,29.191051
4230,23.100846
4231,27.564013
4232,32.122864
4233,23.728946
4234,28.539970
4235,29.050982
4236,31.505589
4237,30.235498
4238,25.746719
4239,27.132174
4240,27.335624
4241,26.350341
4242,26.421738
4243,27.827982
4244,27.854221
4245,34.019852
4246,31.066143
4247,30.507676
4248,23.764382
4249,30.511057
4250,27.104570
4251,23.025334
4252,27.813947
4253,32.177073
4254,28.419820
4255,27.529301
4256,27.164413
4257,18.881419
4258,19.109998
4259,19.250357
4260,19.244280
4261,19.064239
4262,19.166191
4263,19.188935
4264,20.863888
4265,21.044478
4266,21.178941
4267,21.021205
4268,19.267158
4269,19.397613
4270,19.067024
4271,19.260193
4272,19.444756
4273,19.280715
4274,19.086162
4275,19.261746
4276,19.655498
4277,21.388099
4278,21.208524
4279,20.949016
4280,20.027032
4281,19.521235
4282,19.798051
4283,19.138548
4284,19.575837
4285,19.944422
4286,18.981027
4287,19.460016
4288,19.462088
4289,19.930638
4290,20.965672
4291,21.834579
4292,21.699288
4293,20.103944
4294,18.927723
4295,19.216019
4296,18.931231
4297,19.020347
4298,19.206882
4299,19.190185
4300,18.896327
4301,19.483105
4302,21.857700
4303,21.595477
4304,21.603076
4305,21.039444
4306,28.188905
4307,19.719932
4308,19.867947
4309,19.258687
4310,19.495655
4311,19.535209
4312,19.604175
4313,19.276350
4314,21.711005
4315,21.275559
4316,21.258864
4317,22.254390
4318,20.729058
4319,19.119786
4320,19.274004
4321,19.152195
4322,19.185203
4323,19.149433
4324,19.371575
4325,20.294089
4326,23.873048
4327,21.224570
4328,21.549166
4329,21.123312
4330,20.046736
4331,18.975444
4332,19.106447
4333,18.769445
4334,19.129330
4335,18.919879
4336,19.073719
4337,19.492178
4338,19.643111
4339,21.172354
4340,21.099930
4341,21.126517
4342,21.385973
4343,19.874507
4344,18.642921
4345,19.248717
4346,19.069773
4347,19.135578
4348,19.114176
4349,19.219515
4350,19.422429
4351,19.841419
4352,21.387684
4353,21.150380
4354,21.843243
4355,26.755569
4356,31.427997
4357,26.887922
4358,26.067453
4359,26.356601
4360,27.172653
4361,26.956561
4362,35.493651
4363,31.026188
4364,27.139022
4365,28.558433
4366,30.552498
4367,27.304969
4368,22.976162
